{"cameraMode":{"drawMode":0,"name":"Shaded","section":"Shading Mode"},"sceneLighting":true,"audioPlay":false,"sceneViewState":{"showFog":false,"showMaterialUpdate":false,"showSkybox":false,"showFlares":false,"showImageEffects":false,"showParticleSystems":false},"in2DMode":false,"pivot":{"x":0.06715595722198487,"y":-1.1963088512420655,"z":-0.2940521240234375},"rotation":{"x":0.10327368974685669,"y":0.028345443308353425,"z":-0.0029405776876956226,"w":0.9942499995231628},"size":26.2740478515625,"orthographic":false}