{"cameraMode":{"drawMode":0,"name":"Shaded","section":"Shading Mode"},"sceneLighting":false,"audioPlay":false,"sceneViewState":{"showFog":false,"showMaterialUpdate":false,"showSkybox":false,"showFlares":false,"showImageEffects":false,"showParticleSystems":false},"in2DMode":false,"pivot":{"x":0.011158525943756104,"y":1.0499999523162842,"z":-0.4000000059604645},"rotation":{"x":0.04573262855410576,"y":0.1788381189107895,"z":-0.008318859152495861,"w":0.9827844500541687},"size":6.012234210968018,"orthographic":false}