{"cameraMode":{"drawMode":0,"name":"Shaded","section":"Shading Mode"},"sceneLighting":false,"audioPlay":false,"sceneViewState":{"showFog":false,"showMaterialUpdate":false,"showSkybox":false,"showFlares":false,"showImageEffects":false,"showParticleSystems":false},"in2DMode":false,"pivot":{"x":-4.185922145843506,"y":3.432084560394287,"z":-0.3138422966003418},"rotation":{"x":0.08081860095262528,"y":0.047826193273067477,"z":-0.0038777568843215706,"w":0.9955777525901794},"size":1.4428174495697022,"orthographic":true}